{"stats":{"minecraft:used":{"minecraft:moss_block":6,"minecraft:stone_sword":91,"minecraft:armor_stand":1,"minecraft:spruce_planks":8,"minecraft:cooked_chicken":2,"minecraft:rotten_flesh":10,"minecraft:torch":4,"minecraft:dirt":27,"minecraft:carrot":4,"minecraft:mud_bricks":2,"tombstone:gift":2,"minecraft:cooked_beef":19,"minecraft:cooked_mutton":3,"minecraft:dark_oak_stairs":1,"minecraft:birch_planks":1,"minecraft:oak_planks":61,"minecraft:stone_pickaxe":93,"minecraft:wooden_pickaxe":4,"simplefarming:strawberries":6,"minecraft:dark_oak_trapdoor":3,"minecraft:crafting_table":3,"minecraft:white_bed":6,"simplefarming:strawberry_bush":5,"minecraft:bread":8,"minecraft:iron_pickaxe":149,"minecraft:spruce_trapdoor":8,"minecraft:stone_axe":327,"minecraft:cobblestone":2,"quark:oak_chest":1,"minecraft:experience_bottle":1},"minecraft:broken":{"minecraft:stone_sword":1,"minecraft:stone_axe":4},"minecraft:killed":{"alexsmobs:seagull":2,"minecraft:skeleton":14,"minecraft:pig":3,"minecraft:pillager":6,"minecraft:zombie":19,"minecraft:wither_skeleton":3,"minecraft:villager":1,"minecraft:cow":7},"minecraft:custom":{"minecraft:interact_with_smithing_table":2,"minecraft:mob_kills":69,"minecraft:interact_with_crafting_table":23,"minecraft:open_barrel":10,"minecraft:damage_dealt_resisted":93,"minecraft:leave_game":8,"minecraft:time_since_death":48662,"minecraft:climb_one_cm":3620,"minecraft:sprint_one_cm":678366,"minecraft:walk_one_cm":930460,"minecraft:drop":101,"minecraft:damage_dealt_absorbed":36,"minecraft:talked_to_villager":1,"minecraft:play_time":236777,"minecraft:deaths":13,"minecraft:sneak_time":9956,"minecraft:walk_under_water_one_cm":12221,"minecraft:jump":3034,"minecraft:walk_on_water_one_cm":26886,"minecraft:total_world_time":236777,"minecraft:interact_with_furnace":46,"tombstone:raider_killed":6,"minecraft:interact_with_loom":1,"minecraft:sleep_in_bed":6,"minecraft:time_since_rest":47322,"minecraft:damage_taken":5468,"minecraft:damage_dealt":12091,"minecraft:swim_one_cm":78900,"minecraft:fly_one_cm":447812,"minecraft:open_chest":34,"minecraft:crouch_one_cm":21504,"tombstone:undead_killed":36,"tombstone:villager_killed":1,"minecraft:fall_one_cm":62242},"minecraft:dropped":{"minecraft:spruce_sign":1,"minecraft:iron_ingot":19,"minecraft:dark_oak_stairs":2,"minecraft:clock":1,"minecraft:oak_log":2,"minecraft:diamond":10,"minecraft:cobblestone":388,"minecraft:spruce_stairs":2,"minecraft:polished_blackstone_button":1,"minecraft:golden_apple":7,"minecraft:packed_mud":1,"minecraft:dirt":15,"simplefarming:rye_seeds":1,"minecraft:golden_carrot":7,"tombstone:grave_key":5,"minecraft:dark_oak_trapdoor":2,"minecraft:potion":1,"minecraft:string":23,"minecraft:dark_oak_planks":1,"quark:oak_chest":1,"minecraft:spruce_sapling":1,"minecraft:gold_ingot":24,"minecraft:stone_axe":1,"minecraft:compass":1,"minecraft:sweet_berries":6,"minecraft:oak_planks":68,"minecraft:cooked_mutton":2,"minecraft:carrot":1,"minecraft:spruce_fence":2,"minecraft:pumpkin_seeds":3,"minecraft:mud_bricks":6,"minecraft:spruce_planks":2,"minecraft:wooden_pickaxe":2,"minecraft:bread":1},"minecraft:crafted":{"minecraft:oak_planks":96,"minecraft:cooked_chicken":4,"minecraft:cooked_mutton":4,"minecraft:stone_pickaxe":1,"minecraft:cooked_beef":19,"sophisticatedbackpacks:backpack":1,"minecraft:cooked_porkchop":1,"minecraft:crafting_table":1,"minecraft:spruce_planks":32,"minecraft:wooden_pickaxe":1,"minecraft:stone_axe":5,"minecraft:stick":32,"quark:oak_chest":2,"minecraft:iron_pickaxe":1,"minecraft:stone_sword":1,"minecraft:torch":12},"minecraft:picked_up":{"minecraft:charcoal":4,"minecraft:crafting_table":2,"minecraft:iron_chestplate":4,"minecraft:azure_bluet":1,"minecraft:chicken":3,"minecraft:wooden_pickaxe":1,"minecraft:enchanted_book":2,"tombstone:grave_key":2,"minecraft:string":33,"minecraft:dark_oak_trapdoor":6,"minecraft:moss_carpet":1,"minecraft:iron_leggings":4,"minecraft:armor_stand":4,"minecraft:item_frame":2,"minecraft:compass":1,"minecraft:experience_bottle":1,"minecraft:spruce_planks":4,"minecraft:beef":23,"minecraft:oak_boat":1,"minecraft:light_gray_wool":2,"minecraft:tinted_glass":1,"minecraft:sugar_cane":4,"minecraft:spruce_trapdoor":10,"minecraft:iron_boots":4,"minecraft:stick":14,"minecraft:torch":10,"minecraft:spruce_stairs":2,"minecraft:spruce_fence":5,"minecraft:porkchop":8,"minecraft:cake":1,"minecraft:cookie":2,"tombstone:grave_dust":5,"minecraft:warped_button":1,"minecraft:carrot":4,"minecraft:dark_oak_planks":1,"minecraft:tnt":1,"minecraft:rotten_flesh":30,"simplefarming:strawberries":6,"minecraft:brick_stairs":3,"minecraft:mutton":4,"minecraft:cobblestone":390,"minecraft:clock":1,"minecraft:mud_bricks":8,"minecraft:feather":4,"minecraft:cooked_beef":1,"minecraft:leather":20,"minecraft:birch_planks":1,"minecraft:packed_mud":1,"simplefarming:rye_seeds":1,"minecraft:oak_log":22,"minecraft:map":1,"minecraft:dirt":53,"minecraft:cooked_mutton":4,"minecraft:bone":21,"minecraft:stone_bricks":1,"minecraft:bow":1,"minecraft:cooked_chicken":1,"minecraft:fletching_table":1,"minecraft:moss_block":6,"minecraft:oak_planks":69,"minecraft:dark_oak_stairs":3,"minecraft:book":39,"minecraft:black_terracotta":1,"minecraft:spruce_sapling":3,"minecraft:spruce_log":8,"minecraft:white_bed":6,"simplefarming:squash_seeds":2,"quark:oak_chest":1,"minecraft:firework_rocket":1,"minecraft:yellow_carpet":1,"simplefarming:strawberry_bush":5,"minecraft:polished_blackstone_button":1,"minecraft:iron_helmet":3,"minecraft:gray_wool":1,"minecraft:emerald":1,"minecraft:bread":2,"minecraft:coal":30,"minecraft:ender_pearl":1},"minecraft:mined":{"minecraft:dark_oak_planks":1,"minecraft:blackstone_stairs":7,"minecraft:white_bed":5,"minecraft:black_terracotta":3,"minecraft:spruce_trapdoor":10,"minecraft:grass_block":20,"minecraft:spruce_fence":3,"minecraft:yellow_carpet":2,"minecraft:brick_stairs":4,"minecraft:spruce_leaves":17,"minecraft:mud_bricks":8,"minecraft:moss_block":14,"minecraft:kelp":1,"simplefarming:blackberry_bush":1,"minecraft:packed_mud":4,"minecraft:dark_oak_trapdoor":7,"minecraft:fletching_table":1,"minecraft:dark_oak_stairs":3,"minecraft:bookshelf":13,"minecraft:iron_bars":1,"minecraft:azalea_leaves":1,"minecraft:stone":64,"simplefarming:strawberry_bush":6,"minecraft:cake":1,"minecraft:spruce_slab":2,"minecraft:scaffolding":1,"minecraft:powder_snow":27,"minecraft:oak_fence":1,"minecraft:crafting_table":2,"minecraft:crimson_slab":1,"minecraft:campfire":4,"minecraft:tall_grass":6,"minecraft:cobblestone":4,"minecraft:sugar_cane":1,"minecraft:lily_pad":2,"minecraft:oak_planks":20,"minecraft:bricks":1,"minecraft:sculk":1,"minecraft:crimson_stairs":2,"minecraft:spruce_stairs":3,"minecraft:seagrass":1,"minecraft:birch_planks":1,"minecraft:dark_oak_slab":3,"minecraft:tinted_glass":3,"minecraft:spruce_log":8,"minecraft:birch_leaves":2,"minecraft:tnt":1,"minecraft:smooth_stone_slab":2,"minecraft:grass":6,"minecraft:oak_log":22,"minecraft:coal_ore":31,"minecraft:acacia_fence":1,"minecraft:dirt":16,"minecraft:crimson_planks":4,"minecraft:cobweb":33,"minecraft:stone_bricks":1,"minecraft:small_dripleaf":1,"minecraft:waxed_exposed_cut_copper":2,"minecraft:oak_leaves":20}},"DataVersion":3465}