{"stats":{"minecraft:killed":{"minecraft:spider":4,"minecraft:cod":1,"minecraft:skeleton":19,"minecraft:chicken":2,"alexsmobs:bison":1,"minecraft:pig":2,"minecraft:salmon":2,"minecraft:rabbit":1,"minecraft:creeper":2,"minecraft:sheep":13,"minecraft:pillager":28,"minecraft:zombie":31,"alexsmobs:crow":1,"minecraft:cow":7},"minecraft:custom":{"minecraft:interact_with_smithing_table":3,"minecraft:mob_kills":121,"minecraft:animals_bred":4,"minecraft:interact_with_crafting_table":27,"minecraft:open_barrel":3,"minecraft:interact_with_campfire":6,"minecraft:damage_dealt_resisted":367,"minecraft:eat_cake_slice":1,"minecraft:leave_game":4,"minecraft:time_since_death":17889,"minecraft:climb_one_cm":5664,"minecraft:sprint_one_cm":771149,"minecraft:walk_one_cm":780117,"minecraft:damage_blocked_by_shield":3893,"minecraft:drop":29,"minecraft:damage_dealt_absorbed":67,"minecraft:talked_to_villager":1,"minecraft:play_time":217805,"minecraft:deaths":8,"minecraft:sneak_time":7970,"minecraft:walk_under_water_one_cm":30593,"minecraft:jump":2891,"minecraft:walk_on_water_one_cm":17974,"minecraft:total_world_time":217805,"minecraft:interact_with_furnace":64,"tombstone:raider_killed":28,"minecraft:tune_noteblock":1,"minecraft:sleep_in_bed":6,"minecraft:time_since_rest":16612,"minecraft:damage_taken":5465,"minecraft:damage_dealt":18993,"minecraft:swim_one_cm":105407,"minecraft:fly_one_cm":482090,"minecraft:open_chest":38,"minecraft:crouch_one_cm":23177,"tombstone:undead_killed":50,"minecraft:fall_one_cm":50353},"minecraft:picked_up":{"minecraft:crafting_table":5,"minecraft:chicken":4,"minecraft:brown_mushroom":7,"minecraft:diamond_sword":1,"minecraft:string":28,"minecraft:waxed_cut_copper_slab":1,"minecraft:raw_copper":18,"minecraft:cobbled_deepslate":7,"minecraft:spruce_planks":1,"minecraft:beef":22,"minecraft:light_gray_wool":2,"minecraft:coal_block":6,"minecraft:furnace":4,"minecraft:stick":8,"minecraft:raw_iron":24,"minecraft:raw_gold_block":2,"minecraft:torch":11,"minecraft:porkchop":5,"simplefarming:raspberries":7,"tombstone:grave_dust":7,"minecraft:goat_horn":1,"minecraft:dark_oak_planks":3,"minecraft:arrow":25,"minecraft:rotten_flesh":42,"minecraft:iron_block":1,"minecraft:brick_stairs":1,"minecraft:mutton":21,"minecraft:iron_bars":1,"minecraft:cod":1,"minecraft:white_wool":10,"minecraft:cobblestone":212,"minecraft:birch_log":5,"minecraft:mud_bricks":6,"minecraft:feather":2,"minecraft:salmon":2,"minecraft:leather":5,"minecraft:potato":5,"minecraft:birch_planks":2,"alexsmobs:bison_fur":2,"minecraft:packed_mud":3,"minecraft:oak_log":35,"minecraft:gunpowder":4,"simplefarming:broccoli_seeds":1,"minecraft:dirt":42,"minecraft:lantern":1,"minecraft:white_banner":1,"minecraft:bone":22,"minecraft:kelp":1,"simplefarming:kenaf_seeds":3,"minecraft:rabbit_hide":1,"minecraft:iron_ingot":1,"minecraft:stone_pickaxe":2,"minecraft:cooked_chicken":2,"tombstone:bag_of_seeds":2,"minecraft:rabbit":1,"minecraft:moss_block":1,"minecraft:cooked_porkchop":2,"minecraft:spruce_sapling":1,"minecraft:ink_sac":5,"simplefarming:squash_seeds":2,"minecraft:spider_eye":2,"minecraft:pumpkin_seeds":3,"minecraft:yellow_carpet":1,"simplefarming:sweet_potato_seeds":3,"minecraft:crossbow":1,"minecraft:gray_wool":1,"minecraft:emerald":2,"tombstone:magic_scroll":1,"minecraft:oak_sapling":3,"minecraft:dark_oak_fence":10,"minecraft:bricks":1,"minecraft:coal":188},"minecraft:broken":{"minecraft:stone_pickaxe":1,"minecraft:shield":1,"minecraft:iron_sword":1},"minecraft:mined":{"minecraft:dark_oak_planks":3,"minecraft:waxed_cut_copper_slab":1,"minecraft:spruce_planks":1,"minecraft:dark_oak_fence":10,"minecraft:grass_block":5,"minecraft:yellow_carpet":1,"minecraft:coal_block":7,"minecraft:spruce_leaves":11,"minecraft:moss_block":3,"minecraft:mud_bricks":6,"minecraft:spawner":2,"minecraft:packed_mud":3,"minecraft:furnace":4,"minecraft:raw_gold_block":2,"minecraft:iron_ore":24,"minecraft:stone":115,"minecraft:iron_block":1,"minecraft:brown_mushroom":8,"minecraft:powder_snow":18,"minecraft:crafting_table":5,"minecraft:torch":5,"minecraft:copper_ore":6,"minecraft:tall_grass":4,"minecraft:cobblestone":19,"minecraft:wall_torch":4,"minecraft:birch_planks":1,"minecraft:birch_log":5,"minecraft:birch_leaves":3,"minecraft:oak_log":35,"minecraft:coal_ore":125,"minecraft:dirt":33,"minecraft:cobweb":2,"minecraft:deepslate":7,"minecraft:oak_leaves":19},"minecraft:crafted":{"minecraft:oak_planks":28,"minecraft:coal":54,"minecraft:cooked_chicken":1,"minecraft:furnace":3,"minecraft:cooked_mutton":21,"quark:dark_oak_chest":1,"minecraft:iron_axe":1,"minecraft:stone_pickaxe":2,"quark:spruce_chest":1,"minecraft:dark_oak_planks":32,"sophisticatedbackpacks:iron_backpack":1,"minecraft:cooked_cod":1,"sophisticatedbackpacks:backpack":1,"minecraft:cooked_porkchop":1,"minecraft:crafting_table":5,"minecraft:spruce_planks":20,"minecraft:wooden_pickaxe":1,"minecraft:baked_potato":2,"minecraft:iron_sword":2,"minecraft:cooked_salmon":1,"minecraft:birch_planks":20,"minecraft:bread":1,"minecraft:air":0,"minecraft:shield":2,"minecraft:stick":36,"minecraft:iron_ingot":28,"minecraft:iron_pickaxe":1,"minecraft:white_bed":3,"minecraft:torch":88},"minecraft:used":{"minecraft:shield":131,"minecraft:iron_sword":402,"minecraft:cooked_salmon":1,"minecraft:cooked_chicken":3,"minecraft:rotten_flesh":20,"minecraft:torch":92,"minecraft:dirt":29,"minecraft:carrot":3,"simplefarming:raspberries":7,"minecraft:iron_axe":105,"minecraft:brick_stairs":1,"minecraft:furnace":7,"minecraft:oak_sapling":1,"minecraft:cooked_cod":1,"tombstone:gift":3,"minecraft:cooked_mutton":21,"minecraft:baked_potato":2,"minecraft:stone_pickaxe":227,"minecraft:wooden_pickaxe":50,"minecraft:crafting_table":10,"minecraft:white_bed":2,"tombstone:bag_of_seeds":6,"minecraft:bread":29,"minecraft:iron_pickaxe":67,"quark:dark_oak_chest":1,"minecraft:cobblestone":77,"minecraft:cooked_porkchop":1},"minecraft:dropped":{"minecraft:bread":1,"minecraft:birch_planks":1,"minecraft:yellow_carpet":1,"minecraft:cobweb":2,"minecraft:gray_wool":1,"minecraft:dark_oak_fence":10,"simplefarming:squash_seeds":2,"minecraft:spruce_sapling":1,"minecraft:bone":2,"minecraft:rotten_flesh":9,"minecraft:light_gray_wool":2,"minecraft:white_bed":1,"minecraft:carrot":3,"minecraft:oak_sapling":2,"minecraft:wooden_pickaxe":1,"minecraft:stone_pickaxe":3}},"DataVersion":3465}