{"stats":{"minecraft:used":{"simplefarming:oat_seeds":1,"minecraft:waxed_exposed_cut_copper":3,"minecraft:netherite_sword":57,"minecraft:iron_shovel":976,"minecraft:spruce_slab":1,"minecraft:shield":157,"cataclysm:coral_bardiche":17,"minecraft:iron_sword":478,"minecraft:cooked_salmon":1,"minecraft:cooked_chicken":7,"minecraft:rotten_flesh":51,"minecraft:torch":99,"minecraft:dirt":296,"minecraft:carrot":3,"simplefarming:raspberries":7,"minecraft:iron_hoe":69,"minecraft:bricks":1,"minecraft:iron_axe":107,"minecraft:brick_stairs":1,"minecraft:packed_mud":11,"minecraft:mud_bricks":5,"simplefarming:rye_seeds":2,"minecraft:furnace":7,"minecraft:oak_sapling":1,"minecraft:cooked_cod":1,"tombstone:gift":5,"minecraft:potato":24,"minecraft:cobbled_deepslate":3,"minecraft:wheat_seeds":3,"minecraft:dark_oak_stairs":2,"minecraft:cooked_mutton":22,"simplefarming:broccoli_seeds":1,"minecraft:oak_planks":130,"minecraft:baked_potato":2,"minecraft:stone_pickaxe":227,"minecraft:wooden_pickaxe":50,"simplefarming:blackberry_bush":1,"minecraft:diamond_axe":22,"simplefarming:cucumber_seeds":1,"minecraft:golden_apple":5,"minecraft:crafting_table":13,"simplefarming:sweet_potato_seeds":1,"minecraft:white_bed":6,"tombstone:bag_of_seeds":6,"minecraft:diamond_pickaxe":3,"minecraft:cornflower":3,"simplefarming:strawberry_bush":2,"minecraft:bread":33,"minecraft:iron_pickaxe":109,"minecraft:diamond_sword":366,"quark:dark_oak_chest":1,"minecraft:cobblestone":97,"minecraft:cooked_porkchop":3,"minecraft:cooked_rabbit":1,"minecraft:bucket":1,"minecraft:pumpkin_pie":3,"minecraft:dandelion":3},"minecraft:broken":{"minecraft:iron_shovel":3,"minecraft:iron_boots":1,"minecraft:stone_pickaxe":1,"minecraft:shield":2,"minecraft:iron_sword":2,"minecraft:iron_helmet":1},"minecraft:killed":{"minecraft:spider":7,"minecraft:cod":1,"minecraft:skeleton":74,"minecraft:chicken":2,"alexsmobs:bison":1,"minecraft:drowned":3,"minecraft:pig":3,"minecraft:zombie_villager":1,"minecraft:salmon":2,"minecraft:rabbit":1,"minecraft:ravager":6,"minecraft:creeper":4,"minecraft:sheep":13,"minecraft:pillager":28,"minecraft:zombie":64,"alexsmobs:crow":1,"minecraft:cow":7},"minecraft:custom":{"minecraft:interact_with_smithing_table":3,"minecraft:mob_kills":230,"minecraft:animals_bred":4,"minecraft:interact_with_crafting_table":39,"minecraft:open_barrel":37,"minecraft:interact_with_campfire":6,"minecraft:damage_dealt_resisted":367,"minecraft:eat_cake_slice":1,"minecraft:leave_game":7,"minecraft:time_since_death":23843,"minecraft:climb_one_cm":6280,"minecraft:sprint_one_cm":1128735,"minecraft:walk_one_cm":1507781,"minecraft:damage_blocked_by_shield":5658,"minecraft:drop":70,"minecraft:damage_dealt_absorbed":107,"minecraft:talked_to_villager":2,"minecraft:play_time":374867,"minecraft:deaths":17,"minecraft:sneak_time":16508,"minecraft:walk_under_water_one_cm":42339,"minecraft:jump":4485,"minecraft:walk_on_water_one_cm":34485,"minecraft:total_world_time":374867,"minecraft:interact_with_furnace":64,"tombstone:raider_killed":34,"minecraft:tune_noteblock":1,"minecraft:interact_with_loom":1,"minecraft:sleep_in_bed":7,"minecraft:time_since_rest":5836,"minecraft:damage_taken":9710,"minecraft:damage_absorbed":173,"minecraft:damage_dealt":49320,"minecraft:swim_one_cm":119908,"minecraft:fly_one_cm":803352,"minecraft:open_chest":66,"minecraft:crouch_one_cm":42358,"tombstone:undead_killed":142,"minecraft:interact_with_smoker":3,"minecraft:fall_one_cm":84957},"minecraft:dropped":{"minecraft:bread":1,"minecraft:dark_oak_stairs":2,"minecraft:moss_block":1,"minecraft:birch_planks":1,"minecraft:wheat_seeds":16,"minecraft:oak_fence":1,"simplefarming:sweet_potato_seeds":1,"minecraft:cobblestone":4,"minecraft:yellow_carpet":1,"minecraft:item_frame":1,"minecraft:cobweb":2,"minecraft:dirt":5,"minecraft:gray_wool":1,"minecraft:dark_oak_fence":10,"minecraft:cornflower":3,"minecraft:dark_oak_trapdoor":3,"minecraft:flowering_azalea":1,"minecraft:iron_shovel":2,"minecraft:lily_pad":2,"simplefarming:squash_seeds":2,"minecraft:dandelion":3,"minecraft:spruce_sapling":1,"minecraft:bone":2,"minecraft:kelp":1,"minecraft:wheat":1,"minecraft:rotten_flesh":14,"minecraft:light_gray_wool":2,"minecraft:waxed_exposed_cut_copper":1,"minecraft:white_bed":2,"minecraft:shears":1,"minecraft:carrot":3,"minecraft:copper_ore":1,"minecraft:mud_bricks":14,"minecraft:brick_stairs":6,"minecraft:oak_sapling":2,"minecraft:spruce_slab":2,"minecraft:spider_eye":2,"minecraft:wooden_pickaxe":1,"minecraft:stone_pickaxe":3},"minecraft:crafted":{"minecraft:oak_planks":136,"minecraft:coal":54,"minecraft:cooked_chicken":1,"minecraft:furnace":3,"minecraft:cooked_mutton":21,"quark:dark_oak_chest":1,"minecraft:iron_axe":1,"minecraft:stone_pickaxe":2,"quark:spruce_chest":1,"minecraft:dark_oak_planks":32,"sophisticatedbackpacks:iron_backpack":1,"minecraft:cooked_cod":1,"sophisticatedbackpacks:backpack":1,"minecraft:cooked_porkchop":1,"minecraft:crafting_table":7,"minecraft:spruce_planks":20,"minecraft:wooden_pickaxe":1,"minecraft:baked_potato":2,"minecraft:iron_sword":2,"minecraft:cooked_salmon":1,"minecraft:birch_planks":20,"minecraft:bread":10,"minecraft:air":0,"minecraft:diamond_pickaxe":1,"minecraft:shield":3,"minecraft:stick":40,"minecraft:iron_ingot":28,"minecraft:iron_pickaxe":1,"minecraft:iron_shovel":5,"minecraft:white_bed":4,"minecraft:torch":88,"minecraft:shears":1},"minecraft:picked_up":{"minecraft:crafting_table":6,"minecraft:wheat":1,"minecraft:azure_bluet":2,"minecraft:chicken":4,"minecraft:brown_mushroom":7,"minecraft:diamond_sword":6,"minecraft:cooked_rabbit":1,"minecraft:potion":1,"minecraft:cornflower":6,"simplefarming:sorghum_seeds":1,"minecraft:string":30,"minecraft:dark_oak_trapdoor":6,"minecraft:waxed_cut_copper_slab":1,"minecraft:raw_copper":18,"minecraft:item_frame":1,"minecraft:compass":1,"takesapillage:ravager_horn":4,"simplefarming:oat_seeds":1,"minecraft:cobbled_deepslate":7,"minecraft:beef":22,"minecraft:waxed_exposed_cut_copper":4,"minecraft:spruce_planks":3,"minecraft:poppy":2,"simplefarming:blackberry_bush":1,"minecraft:light_gray_wool":2,"minecraft:spruce_slab":5,"minecraft:coal_block":6,"minecraft:furnace":4,"minecraft:copper_ore":1,"minecraft:dark_oak_door":1,"minecraft:stick":8,"minecraft:raw_iron":24,"minecraft:raw_gold_block":2,"minecraft:oak_fence":1,"minecraft:torch":11,"sophisticatedbackpacks:backpack":1,"minecraft:porkchop":5,"simplefarming:raspberries":7,"tombstone:grave_dust":16,"minecraft:carrot":1,"minecraft:goat_horn":1,"minecraft:dark_oak_planks":5,"minecraft:arrow":71,"minecraft:rotten_flesh":91,"simplefarming:pepper_seeds":1,"minecraft:pumpkin_pie":3,"simplefarming:strawberries":3,"minecraft:iron_block":1,"minecraft:gold_ingot":24,"tombstone:essence_of_undeath":1,"minecraft:brick_stairs":10,"minecraft:mutton":21,"minecraft:iron_bars":1,"minecraft:cod":1,"minecraft:cobblestone":226,"minecraft:white_wool":16,"minecraft:nautilus_shell":1,"minecraft:birch_log":5,"minecraft:feather":2,"minecraft:mud_bricks":33,"minecraft:clock":1,"minecraft:cooked_beef":5,"minecraft:golden_carrot":7,"minecraft:salmon":5,"minecraft:leather":5,"minecraft:potato":6,"minecraft:birch_planks":2,"alexsmobs:bison_fur":2,"minecraft:packed_mud":11,"simplefarming:rye_seeds":2,"minecraft:oak_log":38,"minecraft:lily_pad":2,"minecraft:ancient_debris":1,"minecraft:gunpowder":5,"simplefarming:broccoli_seeds":2,"minecraft:lantern":1,"minecraft:dirt":864,"minecraft:white_banner":1,"minecraft:cooked_mutton":1,"simplefarming:cucumber_seeds":1,"minecraft:bone":63,"minecraft:kelp":2,"minecraft:wheat_seeds":30,"simplefarming:kenaf_seeds":3,"minecraft:stone_pickaxe":2,"minecraft:rabbit_hide":1,"minecraft:iron_ingot":21,"minecraft:cooked_chicken":6,"tombstone:bag_of_seeds":3,"minecraft:fletching_table":1,"minecraft:rabbit":1,"minecraft:moss_block":2,"minecraft:oak_planks":24,"minecraft:flowering_azalea":1,"minecraft:dark_oak_stairs":4,"minecraft:black_terracotta":3,"minecraft:cooked_porkchop":2,"minecraft:dandelion":6,"minecraft:spruce_sapling":1,"minecraft:ink_sac":5,"minecraft:white_bed":5,"simplefarming:squash_seeds":3,"minecraft:spider_eye":4,"simplefarming:strawberry_bush":2,"minecraft:bundle":1,"minecraft:pumpkin_seeds":3,"minecraft:yellow_carpet":1,"simplefarming:sweet_potato_seeds":5,"minecraft:diamond":10,"minecraft:diamond_axe":1,"minecraft:crossbow":1,"minecraft:golden_apple":8,"minecraft:gray_wool":1,"minecraft:emerald":2,"minecraft:dark_oak_fence":10,"tombstone:magic_scroll":4,"minecraft:oak_sapling":3,"minecraft:coal":188,"minecraft:bricks":1},"minecraft:mined":{"minecraft:dark_oak_planks":6,"minecraft:waxed_cut_copper_slab":1,"minecraft:spruce_planks":1,"minecraft:white_bed":5,"minecraft:black_terracotta":2,"minecraft:dark_oak_fence":10,"minecraft:grass_block":921,"minecraft:yellow_carpet":1,"minecraft:coal_block":7,"minecraft:spruce_leaves":11,"minecraft:moss_block":5,"minecraft:mud_bricks":21,"minecraft:kelp":1,"minecraft:spawner":5,"minecraft:furnace":4,"minecraft:packed_mud":13,"minecraft:dark_oak_trapdoor":1,"minecraft:raw_gold_block":2,"minecraft:iron_ore":24,"minecraft:azure_bluet":1,"minecraft:stone":115,"minecraft:iron_block":1,"minecraft:spruce_slab":1,"minecraft:brown_mushroom":8,"minecraft:powder_snow":18,"minecraft:crafting_table":6,"minecraft:torch":5,"minecraft:poppy":1,"minecraft:cobblestone":25,"minecraft:tall_grass":20,"minecraft:copper_ore":6,"minecraft:oak_planks":9,"minecraft:wall_torch":4,"minecraft:seagrass":2,"minecraft:birch_planks":1,"minecraft:dark_oak_door":1,"minecraft:birch_log":5,"minecraft:birch_leaves":3,"minecraft:grass":53,"minecraft:coal_ore":125,"minecraft:oak_log":38,"minecraft:dirt":114,"minecraft:cobweb":2,"minecraft:small_dripleaf":1,"minecraft:ancient_debris":1,"minecraft:waxed_exposed_cut_copper":4,"minecraft:oak_leaves":19,"minecraft:deepslate":7}},"DataVersion":3465}