{"stats":{"minecraft:used":{"minecraft:waxed_exposed_cut_copper":3,"minecraft:spruce_slab":1,"minecraft:shield":143,"minecraft:iron_sword":478,"minecraft:cooked_salmon":1,"minecraft:cooked_chicken":3,"minecraft:rotten_flesh":32,"minecraft:torch":99,"minecraft:dirt":29,"minecraft:carrot":3,"simplefarming:raspberries":7,"minecraft:iron_axe":107,"minecraft:brick_stairs":1,"minecraft:mud_bricks":5,"minecraft:furnace":7,"minecraft:oak_sapling":1,"minecraft:cooked_cod":1,"tombstone:gift":3,"minecraft:cooked_mutton":21,"minecraft:oak_planks":9,"minecraft:baked_potato":2,"minecraft:stone_pickaxe":227,"minecraft:wooden_pickaxe":50,"minecraft:diamond_axe":6,"minecraft:golden_apple":1,"minecraft:crafting_table":10,"minecraft:white_bed":2,"tombstone:bag_of_seeds":6,"minecraft:bread":30,"minecraft:iron_pickaxe":107,"minecraft:diamond_sword":145,"quark:dark_oak_chest":1,"minecraft:cobblestone":97,"minecraft:cooked_porkchop":3,"minecraft:pumpkin_pie":3},"minecraft:broken":{"minecraft:stone_pickaxe":1,"minecraft:shield":2,"minecraft:iron_sword":2},"minecraft:killed":{"minecraft:spider":4,"minecraft:cod":1,"minecraft:skeleton":31,"minecraft:chicken":2,"alexsmobs:bison":1,"minecraft:pig":2,"minecraft:salmon":2,"minecraft:rabbit":1,"minecraft:ravager":2,"minecraft:creeper":3,"minecraft:sheep":13,"minecraft:pillager":28,"minecraft:zombie":44,"alexsmobs:crow":1,"minecraft:cow":7},"minecraft:custom":{"minecraft:interact_with_smithing_table":3,"minecraft:mob_kills":151,"minecraft:animals_bred":4,"minecraft:interact_with_crafting_table":27,"minecraft:open_barrel":21,"minecraft:interact_with_campfire":6,"minecraft:damage_dealt_resisted":367,"minecraft:eat_cake_slice":1,"minecraft:leave_game":5,"minecraft:time_since_death":12490,"minecraft:climb_one_cm":5664,"minecraft:sprint_one_cm":833214,"minecraft:walk_one_cm":1031813,"minecraft:damage_blocked_by_shield":4913,"minecraft:drop":32,"minecraft:damage_dealt_absorbed":67,"minecraft:talked_to_villager":1,"minecraft:play_time":262068,"minecraft:deaths":13,"minecraft:sneak_time":14457,"minecraft:walk_under_water_one_cm":30980,"minecraft:jump":3173,"minecraft:walk_on_water_one_cm":20550,"minecraft:total_world_time":262068,"minecraft:interact_with_furnace":64,"tombstone:raider_killed":30,"minecraft:tune_noteblock":1,"minecraft:sleep_in_bed":6,"minecraft:time_since_rest":11945,"minecraft:damage_taken":7626,"minecraft:damage_absorbed":40,"minecraft:damage_dealt":26040,"minecraft:swim_one_cm":106532,"minecraft:fly_one_cm":502252,"minecraft:open_chest":44,"minecraft:crouch_one_cm":36085,"tombstone:undead_killed":75,"minecraft:fall_one_cm":54126,"minecraft:interact_with_smoker":3},"minecraft:dropped":{"minecraft:bread":1,"minecraft:moss_block":1,"minecraft:birch_planks":1,"minecraft:yellow_carpet":1,"minecraft:cobweb":2,"minecraft:gray_wool":1,"minecraft:dark_oak_fence":10,"minecraft:flowering_azalea":1,"simplefarming:squash_seeds":2,"minecraft:spruce_sapling":1,"minecraft:bone":2,"minecraft:rotten_flesh":9,"minecraft:light_gray_wool":2,"minecraft:white_bed":1,"minecraft:carrot":3,"minecraft:oak_sapling":2,"minecraft:spruce_slab":2,"minecraft:wooden_pickaxe":1,"minecraft:stone_pickaxe":3},"minecraft:crafted":{"minecraft:oak_planks":28,"minecraft:coal":54,"minecraft:cooked_chicken":1,"minecraft:furnace":3,"minecraft:cooked_mutton":21,"quark:dark_oak_chest":1,"minecraft:iron_axe":1,"minecraft:stone_pickaxe":2,"quark:spruce_chest":1,"minecraft:dark_oak_planks":32,"sophisticatedbackpacks:iron_backpack":1,"minecraft:cooked_cod":1,"sophisticatedbackpacks:backpack":1,"minecraft:cooked_porkchop":1,"minecraft:crafting_table":5,"minecraft:spruce_planks":20,"minecraft:wooden_pickaxe":1,"minecraft:baked_potato":2,"minecraft:iron_sword":2,"minecraft:cooked_salmon":1,"minecraft:birch_planks":20,"minecraft:bread":1,"minecraft:air":0,"minecraft:shield":2,"minecraft:stick":36,"minecraft:iron_ingot":28,"minecraft:iron_pickaxe":1,"minecraft:white_bed":3,"minecraft:torch":88},"minecraft:picked_up":{"minecraft:crafting_table":5,"minecraft:chicken":4,"minecraft:brown_mushroom":7,"minecraft:diamond_sword":1,"minecraft:cooked_rabbit":1,"minecraft:string":28,"minecraft:waxed_cut_copper_slab":1,"minecraft:raw_copper":18,"minecraft:item_frame":1,"minecraft:cobbled_deepslate":7,"minecraft:spruce_planks":1,"minecraft:waxed_exposed_cut_copper":4,"minecraft:beef":22,"minecraft:spruce_slab":5,"minecraft:light_gray_wool":2,"minecraft:coal_block":6,"minecraft:furnace":4,"minecraft:dark_oak_door":1,"minecraft:stick":8,"minecraft:raw_iron":24,"minecraft:raw_gold_block":2,"minecraft:torch":11,"minecraft:porkchop":5,"simplefarming:raspberries":7,"tombstone:grave_dust":11,"minecraft:goat_horn":1,"minecraft:dark_oak_planks":5,"minecraft:arrow":40,"minecraft:rotten_flesh":54,"minecraft:pumpkin_pie":3,"minecraft:iron_block":1,"minecraft:brick_stairs":1,"minecraft:mutton":21,"minecraft:iron_bars":1,"minecraft:cod":1,"minecraft:white_wool":10,"minecraft:cobblestone":218,"minecraft:birch_log":5,"minecraft:mud_bricks":19,"minecraft:feather":2,"minecraft:cooked_beef":5,"minecraft:salmon":5,"minecraft:leather":5,"minecraft:potato":5,"minecraft:birch_planks":2,"alexsmobs:bison_fur":2,"minecraft:packed_mud":10,"minecraft:oak_log":35,"minecraft:gunpowder":4,"simplefarming:broccoli_seeds":1,"minecraft:dirt":43,"minecraft:lantern":1,"minecraft:white_banner":1,"minecraft:cooked_mutton":1,"minecraft:bone":28,"minecraft:kelp":1,"simplefarming:kenaf_seeds":3,"minecraft:rabbit_hide":1,"minecraft:iron_ingot":1,"minecraft:stone_pickaxe":2,"minecraft:cooked_chicken":6,"tombstone:bag_of_seeds":3,"minecraft:rabbit":1,"minecraft:moss_block":2,"minecraft:oak_planks":18,"minecraft:flowering_azalea":1,"minecraft:black_terracotta":2,"minecraft:cooked_porkchop":2,"minecraft:spruce_sapling":1,"minecraft:ink_sac":5,"simplefarming:squash_seeds":2,"minecraft:spider_eye":2,"minecraft:pumpkin_seeds":3,"minecraft:yellow_carpet":1,"simplefarming:sweet_potato_seeds":3,"minecraft:crossbow":1,"minecraft:diamond_axe":1,"minecraft:golden_apple":1,"minecraft:gray_wool":1,"minecraft:emerald":2,"tombstone:magic_scroll":1,"minecraft:oak_sapling":3,"minecraft:dark_oak_fence":10,"minecraft:bricks":1,"minecraft:coal":188},"minecraft:mined":{"minecraft:dark_oak_planks":6,"minecraft:waxed_cut_copper_slab":1,"minecraft:spruce_planks":1,"minecraft:black_terracotta":2,"minecraft:dark_oak_fence":10,"minecraft:grass_block":5,"minecraft:yellow_carpet":1,"minecraft:coal_block":7,"minecraft:spruce_leaves":11,"minecraft:moss_block":4,"minecraft:mud_bricks":21,"minecraft:spawner":5,"minecraft:packed_mud":12,"minecraft:furnace":4,"minecraft:raw_gold_block":2,"minecraft:iron_ore":24,"minecraft:stone":115,"minecraft:iron_block":1,"minecraft:spruce_slab":1,"minecraft:brown_mushroom":8,"minecraft:powder_snow":18,"minecraft:crafting_table":5,"minecraft:torch":5,"minecraft:cobblestone":25,"minecraft:copper_ore":6,"minecraft:tall_grass":4,"minecraft:oak_planks":3,"minecraft:wall_torch":4,"minecraft:birch_planks":1,"minecraft:dark_oak_door":1,"minecraft:birch_log":5,"minecraft:birch_leaves":3,"minecraft:oak_log":35,"minecraft:coal_ore":125,"minecraft:dirt":34,"minecraft:cobweb":2,"minecraft:small_dripleaf":1,"minecraft:deepslate":7,"minecraft:waxed_exposed_cut_copper":4,"minecraft:oak_leaves":19}},"DataVersion":3465}